"","0","1"
"1",0.992127607011334,0.00787239298866642
"2",0.998740656930341,0.00125934306965911
"3",0.998612169417942,0.00138783058205842
"4",0.99999894172426,1.05827573966117e-06
"5",0.999999908320412,9.16795884420729e-08
"6",0.999999309538459,6.90461540706879e-07
"7",0.999998722848084,1.2771519162363e-06
"8",0.99999972301254,2.76987460026564e-07
"9",0.999999916704521,8.32954787225433e-08
"10",0.99999969876326,3.01236739505448e-07
"11",0.999999986821972,1.31780283466959e-08
"12",0.999999974457665,2.55423352549096e-08
"13",0.999999993004837,6.99516307295323e-09
"14",0.9999999986271,1.37290043470802e-09
"15",0.99999998826977,1.17302302870802e-08
"16",0.999999988177252,1.18227482559516e-08
"17",0.999999915337625,8.46623753071064e-08
"18",0.999999993692175,6.30782514344714e-09
"19",0.999999982861877,1.7138123424138e-08
"20",0.999999976640276,2.33597244248004e-08
"21",0.999999957031052,4.29689483731416e-08
"22",0.999999997082105,2.91789517768675e-09
"23",0.999999997695723,2.30427707293313e-09
"24",0.999999961874553,3.8125446668883e-08
"25",0.999999545036626,4.54963374341258e-07
"26",0.999999993019808,6.98019172674345e-09
"27",0.999999895415583,1.04584417416267e-07
"28",0.999999512794388,4.87205611625938e-07
"29",0.999999998276432,1.72356791695836e-09
"30",0.99999967701484,3.22985159632637e-07
"31",0.999999929643881,7.03561186821959e-08
"32",0.999999997628691,2.37130869689318e-09
"33",0.999999990748445,9.25155479949369e-09
"34",0.999999762299742,2.37700257585501e-07
"35",0.999999962022942,3.7977057936618e-08
"36",0.999999996187441,3.81255933969061e-09
"37",0.999999997971521,2.02847901591415e-09
"38",0.999999777689286,2.22310713971238e-07
"39",0.999999980344509,1.96554914921717e-08
"40",0.999999931987562,6.80124375661452e-08
"41",0.999999888798934,1.11201066185723e-07
"42",0.999999998971265,1.0287345763276e-09
"43",0.999999998515694,1.4843057133772e-09
"44",0.999999998520764,1.47923640879464e-09
"45",0.999999998779093,1.22090738224085e-09
"46",0.999999974869182,2.51308181660345e-08
"47",0.999999983109699,1.6890300905445e-08
"48",0.999999956658383,4.33416165549871e-08
"49",0.999999985001803,1.4998196801399e-08
"50",0.999999995614126,4.38587392723627e-09
"51",0.999999622907709,3.77092291358953e-07
"52",0.999999719114576,2.80885424478277e-07
"53",0.999999339234579,6.60765420821826e-07
"54",0.999999984287042,1.57129575942911e-08
"55",0.999999996773694,3.22630567487671e-09
"56",0.999999999975416,2.45843668928833e-11
"57",0.999999972486083,2.75139169821669e-08
"58",0.999999222571575,7.77428425257577e-07
"59",0.999999850035891,1.49964108946148e-07
"60",0.999999808667644,1.913323556606e-07
"61",0.999999997933026,2.06697361697023e-09
"62",0.999999999982207,1.77925786690687e-11
"63",0.999999715122608,2.84877392018874e-07
"64",0.999998148889256,1.8511107444873e-06
"65",0.999999658459284,3.41540715841659e-07
"66",0.999999739834433,2.60165566657122e-07
"67",0.999999957870179,4.21298213808472e-08
"68",0.999999613280465,3.86719535159865e-07
"69",0.99999973919134,2.60808659884746e-07
"70",0.999999834349742,1.6565025838124e-07
"71",0.99999996385116,3.61488399835292e-08
"72",0.999999982653979,1.73460205661856e-08
"73",0.999999682007378,3.17992621751717e-07
"74",0.999999844497619,1.55502381420125e-07
"75",0.99999999229383,7.70617026685386e-09
"76",0.9999999950746,4.92539997705265e-09
"77",0.999999992909759,7.09024063546259e-09
"78",0.999999953251709,4.67482915131077e-08
"79",0.999999989067755,1.09322453445092e-08
"80",0.999999999396573,6.03427274414062e-10
"81",0.999989709911474,1.02900885257616e-05
"82",0.999999896607642,1.03392358261931e-07
"83",0.99999995748522,4.25147805459741e-08
"84",0.999999955743147,4.42568525451734e-08
"85",0.999998798935142,1.20106485846465e-06
"86",0.999986304968857,1.36950311428403e-05
"87",0.999990216078951,9.78392104920637e-06
"88",0.999999312588714,6.87411285867199e-07
"89",0.999999925196187,7.48038127725071e-08
"90",0.999999973771099,2.62289010591078e-08
"91",0.999999883982095,1.16017905229038e-07
"92",0.999999940843022,5.91569780899319e-08
"93",0.999998522823515,1.47717648475191e-06
"94",0.999996644330603,3.35566939721316e-06
"95",0.999999976007846,2.39921542629856e-08
"96",0.999999998245747,1.75425283505817e-09
"97",0.999999998920652,1.07934748867185e-09
"98",0.999999990101484,9.89851598166069e-09
"99",0.999999993818614,6.18138546210948e-09
"100",0.999999961649389,3.83506113734735e-08
"101",0.999999896440738,1.03559261560617e-07
"102",0.999999994909172,5.09082804535119e-09
"103",0.999999866884311,1.33115689251912e-07
"104",0.999999973300961,2.6699039169861e-08
"105",0.999999998622921,1.37707922413758e-09
"106",0.999999999950129,4.98710977834786e-11
"107",0.99999999996145,3.85500422603446e-11
"108",0.999999941413286,5.85867143433613e-08
"109",0.999999923305735,7.6694265092354e-08
"110",0.999999955384176,4.46158244055975e-08
"111",0.999999995854306,4.1456942506421e-09
"112",0.999999989545242,1.04547584395178e-08
"113",0.999999960957197,3.9042803234062e-08
"114",0.99999998170295,1.82970495911963e-08
"115",0.999999942162672,5.78373281616867e-08
"116",0.999999881182504,1.18817495743433e-07
"117",0.999999154418816,8.45581183759651e-07
"118",0.999999941369989,5.86300106262075e-08
"119",0.999998809589297,1.1904107026938e-06
"120",0.999998906014614,1.09398538571514e-06
"121",0.999999093970828,9.06029171831723e-07
"122",0.99999970173219,2.98267810421572e-07
"123",0.999999615607304,3.84392695735041e-07
"124",0.999996983054537,3.01694546304879e-06
"125",0.999993443667313,6.55633268704139e-06
"126",0.999998570593562,1.42940643794308e-06
"127",0.999998493469675,1.50653032526476e-06
"128",0.999997993473952,2.00652604763848e-06
"129",0.999999818959422,1.81040578213422e-07
"130",0.999999175782191,8.2421780942225e-07
"131",0.999998516808937,1.48319106343393e-06
"132",0.999998173183688,1.82681631224531e-06
"133",0.99998400632602,1.59936739797124e-05
"134",0.999999123365457,8.7663454282711e-07
"135",0.999963996125538,3.60038744619965e-05
"136",0.999956205016731,4.37949832694502e-05
"137",0.999974701356696,2.52986433036088e-05
"138",0.999994860860148,5.13913985230105e-06
"139",0.999999929968782,7.00312180792111e-08
"140",0.999999955107167,4.48928328607284e-08
"141",0.999986353636865,1.36463631346703e-05
"142",0.99989975121109,0.000100248788910017
"143",0.999962820454737,3.71795452630309e-05
"144",0.999988834484961,1.11655150390291e-05
"145",0.999984635811714,1.53641882863588e-05
"146",0.999535012887612,0.000464987112388396
"147",0.999964660177536,3.53398224637599e-05
"148",0.999995165886906,4.83411309438864e-06
"149",0.999998069496303,1.93050369687197e-06
"150",0.999986198199707,1.38018002929074e-05
"151",0.999997316792629,2.68320737099235e-06
"152",0.999996639642076,3.36035792383577e-06
"153",0.999999723462448,2.76537551968617e-07
"154",0.999996995943557,3.00405644340804e-06
"155",0.999994404081326,5.59591867370408e-06
"156",0.999987056331637,1.294366836325e-05
"157",0.999994719370865,5.28062913458126e-06
"158",0.999995193203326,4.80679667383513e-06
"159",0.999964420687356,3.55793126434882e-05
"160",0.99999814323214,1.85676785972389e-06
"161",0.999999765140094,2.34859906306524e-07
"162",0.99999982220549,1.77794510361268e-07
"163",0.999999431859004,5.68140995921923e-07
"164",0.999999793368998,2.06631001679028e-07
"165",0.999999871516824,1.28483175668376e-07
"166",0.999999750815571,2.49184428830379e-07
"167",0.999984284319495,1.57156805046324e-05
"168",0.999995232997819,4.76700218093474e-06
"169",0.999997090689891,2.90931010922529e-06
"170",0.999999399341541,6.00658459289839e-07
"171",0.999999647058985,3.52941015414697e-07
"172",0.999977457165234,2.25428347655567e-05
"173",0.999999076843836,9.23156164010229e-07
"174",0.99998197740568,1.80225943203092e-05
"175",0.999937059718568,6.29402814325337e-05
"176",0.999978359439034,2.16405609664049e-05
"177",0.999999172421238,8.27578761624434e-07
"178",0.999974701228862,2.52987711378144e-05
"179",0.999977192906996,2.28070930044207e-05
"180",0.999994017612363,5.98238763743282e-06
"181",0.999998074873681,1.92512631918805e-06
"182",0.99999752831932,2.47168068052034e-06
"183",0.99993915611081,6.08438891896684e-05
"184",0.999983187536191,1.68124638094478e-05
"185",0.999991839458262,8.1605417381987e-06
"186",0.999972438537777,2.75614622234885e-05
"187",0.99997523908302,2.47609169797854e-05
"188",0.99998434667412,1.56533258804532e-05
"189",0.999998206690288,1.79330971202996e-06
"190",0.999951806254213,4.81937457868536e-05
"191",0.999956369309874,4.36306901262218e-05
"192",0.9999582172787,4.17827212999972e-05
"193",0.999921814484046,7.81855159536078e-05
"194",0.999961836959628,3.81630403715771e-05
"195",0.999996669103213,3.33089678655642e-06
"196",0.999998781023174,1.21897682637885e-06
"197",0.999999819431158,1.80568842438865e-07
"198",0.999863119941888,0.000136880058111515
"199",0.999972400716562,2.75992834382344e-05
"200",0.999999538833481,4.6116651926988e-07
"201",0.999999686530366,3.13469633812303e-07
"202",0.999951670289976,4.83297100235923e-05
"203",0.999990013922372,9.98607762848662e-06
"204",0.99999880989678,1.19010321997578e-06
"205",0.999997286654237,2.7133457626927e-06
"206",0.999997604520869,2.39547913101875e-06
"207",0.999998119463209,1.88053679132804e-06
"208",0.99999899970971,1.00029028977969e-06
"209",0.999943963722736,5.60362772635487e-05
"210",0.999920866346855,7.91336531453263e-05
"211",0.999966122722732,3.38772772680091e-05
"212",0.999880672648254,0.000119327351746465
"213",0.999998988057149,1.01194285139399e-06
"214",0.999992765637687,7.23436231314498e-06
"215",0.99993269536147,6.73046385297706e-05
"216",0.999907722408766,9.22775912339406e-05
"217",0.999973008442149,2.69915578505941e-05
"218",0.999990624064538,9.37593546167645e-06
"219",0.999998487655998,1.51234400172144e-06
"220",0.999999587623726,4.12376273581131e-07
"221",0.999999294542527,7.05457472822152e-07
"222",0.999990953518428,9.04648157174723e-06
"223",0.999964441609375,3.55583906251794e-05
"224",0.999934548586984,6.5451413016478e-05
"225",0.999866453101888,0.000133546898112293
"226",0.99998815568227,1.18443177297801e-05
"227",0.99993141779131,6.85822086897431e-05
"228",0.999957632133358,4.23678666418419e-05
"229",0.999919884349664,8.01156503358094e-05
"230",0.999991420320443,8.5796795566753e-06
"231",0.9998210008958,0.000178999104200038
"232",0.999866632373781,0.000133367626219302
"233",0.99991870872279,8.12912772097357e-05
"234",0.999869423386269,0.000130576613730629
"235",0.999980500766759,1.94992332407234e-05
"236",0.999981452507532,1.8547492467515e-05
"237",0.999832879035336,0.000167120964664218
"238",0.999784777207252,0.000215222792747999
"239",0.999854725331639,0.000145274668361439
"240",0.999858952416449,0.000141047583550925
"241",0.999915487201653,8.45127983467889e-05
"242",0.999962037124542,3.79628754580175e-05
"243",0.999933715098558,6.62849014421426e-05
"244",0.99999960107494,3.98925059565327e-07
"245",0.999999601964196,3.98035803740198e-07
"246",0.999997239775002,2.76022499790303e-06
"247",0.999997975061406,2.02493859450975e-06
"248",0.999969628913749,3.03710862511797e-05
"249",0.999925823487671,7.41765123291882e-05
"250",0.999939750612462,6.02493875376818e-05
"251",0.999911819365596,8.81806344035841e-05
"252",0.999981276875054,1.8723124946039e-05
"253",0.999996043072871,3.95692712851861e-06
"254",0.999984508280865,1.54917191347247e-05
"255",0.999992290572282,7.70942771798536e-06
"256",0.999986958047355,1.30419526449113e-05
"257",0.999989942085023,1.00579149767526e-05
"258",0.999972697485587,2.73025144125227e-05
"259",0.999998463454247,1.53654575294722e-06
"260",0.999924507802835,7.54921971654233e-05
"261",0.999992047274152,7.9527258481293e-06
"262",0.999990044096038,9.95590396183386e-06
"263",0.99989430460149,0.000105695398510458
"264",0.999897936126247,0.000102063873753428
"265",0.99998286871279,1.71312872096204e-05
"266",0.999994658082755,5.34191724526351e-06
"267",0.999988390346138,1.16096538624305e-05
"268",0.999656400160597,0.000343599839403233
"269",0.999965588190646,3.44118093544078e-05
"270",0.999989518212483,1.04817875172291e-05
"271",0.999964835935588,3.51640644116506e-05
"272",0.999975137462333,2.48625376667667e-05
"273",0.999918181213394,8.18187866063383e-05
"274",0.999931714022028,6.82859779719591e-05
"275",0.99988511823733,0.000114881762669663
"276",0.999834247108238,0.000165752891762394
"277",0.999987785110991,1.22148890091514e-05
"278",0.999988400910345,1.15990896551997e-05
"279",0.999995805553494,4.19444650595819e-06
"280",0.999999329926459,6.70073541328817e-07
"281",0.999902257803863,9.77421961367517e-05
"282",0.999935216920082,6.47830799177832e-05
"283",0.99993817441454,6.18255854604149e-05
"284",0.99929244316551,0.000707556834490219
"285",0.999823227201337,0.000176772798662829
"286",0.999935726352413,6.42736475865381e-05
"287",0.9999470587678,5.29412322004759e-05
"288",0.999882740601038,0.000117259398961599
"289",0.999507535725353,0.000492464274646978
"290",0.999999303430514,6.965694859035e-07
"291",0.999876889259912,0.000123110740087533
"292",0.999780453806727,0.000219546193272739
"293",0.999911540133896,8.8459866103978e-05
"294",0.999991061294267,8.93870573341295e-06
"295",0.999999981864903,1.81350966354802e-08
"296",0.999986549337023,1.34506629769134e-05
"297",0.999997425527504,2.57447249597495e-06
"298",0.999996181028595,3.81897140467297e-06
"299",0.999988046168624,1.19538313763177e-05
"300",0.99999864246541,1.35753458996312e-06
"301",0.999974936383381,2.50636166190721e-05
"302",0.999901410288432,9.8589711567954e-05
"303",0.999999545445219,4.54554780581764e-07
"304",0.999999993480468,6.51953207603774e-09
"305",0.999980016853806,1.99831461940545e-05
"306",0.99997009305133,2.99069486698178e-05
"307",0.999926719821612,7.32801783877066e-05
"308",0.999867462104934,0.000132537895065936
"309",0.999302435269076,0.000697564730924236
"310",0.999994220150697,5.77984930306967e-06
"311",0.999419531057823,0.000580468942177122
"312",0.999912947786015,8.70522139853659e-05
"313",0.999269115190695,0.000730884809305366
"314",0.999937896528863,6.21034711365213e-05
"315",0.999944198391624,5.58016083755362e-05
"316",0.999821652600317,0.000178347399683173
"317",0.99966304569982,0.000336954300179597
"318",0.999883139453067,0.000116860546933366
"319",0.999927572248629,7.24277513704369e-05
"320",0.999961879370631,3.81206293691971e-05
"321",0.999985745897879,1.42541021206592e-05
"322",0.9999800267276,1.99732724003652e-05
"323",0.999983042919619,1.69570803812343e-05
"324",0.99999083151601,9.16848399009877e-06
"325",0.999990658032059,9.34196794150391e-06
"326",0.999871792898356,0.000128207101643584
"327",0.99996834359104,3.16564089603119e-05
"328",0.999986366416554,1.36335834455559e-05
"329",0.999999754553778,2.45446221544756e-07
"330",0.999999891617914,1.08382085586047e-07
"331",0.999999962304637,3.76953628758462e-08
"332",0.999999881764297,1.18235702734282e-07
"333",0.999999982979894,1.70201061176624e-08
"334",0.999999941957641,5.80423591539752e-08
"335",0.999999946988178,5.30118224315128e-08
"336",0.999999998096731,1.90326879923176e-09
"337",0.999999999841657,1.58343346573866e-10
"338",0.999999999938124,6.18755077049688e-11
"339",0.999999999838093,1.6190682399303e-10
"340",0.999999999886108,1.13892218290346e-10
"341",0.999999996725959,3.27404078013635e-09
"342",0.999999996957308,3.04269176728318e-09
"343",0.999999997779798,2.22020253176451e-09
"344",0.999999999565815,4.34185408706384e-10
"345",0.999999999316203,6.83796840040839e-10
"346",0.99999999996397,3.60299774332869e-11
"347",0.999999999254793,7.4520747578588e-10
"348",0.999999811923849,1.88076151488736e-07
"349",0.999999997688775,2.31122519676088e-09
"350",0.999999377308848,6.2269115198999e-07
"351",0.999999438303133,5.61696867013223e-07
"352",0.999999392241329,6.07758670629545e-07
"353",0.999999711355437,2.88644562953594e-07
"354",0.999999844227485,1.55772515294753e-07
"355",0.999999887966513,1.12033486978182e-07
"356",0.999999976098235,2.39017653809446e-08
"357",0.999999996538221,3.46177945128349e-09
"358",0.99999999959864,4.01360038757884e-10
"359",0.999999999931114,6.88862321931593e-11
"360",0.999999564930845,4.35069154633181e-07
"361",0.999993313375869,6.68662413145317e-06
"362",0.999996977366238,3.02263376161013e-06
"363",0.999996855448361,3.14455163863657e-06
"364",0.999995463262892,4.53673710773447e-06
"365",0.999996169089647,3.83091035338571e-06
"366",0.999992514325902,7.48567409847752e-06
"367",0.99999238520763,7.61479237021123e-06
"368",0.999997905812408,2.09418759233664e-06
"369",0.999999287884801,7.12115198680749e-07
"370",0.999999172106908,8.27893091768577e-07
"371",0.999998765015924,1.23498407547491e-06
"372",0.999998789036049,1.21096395129081e-06
"373",0.999999549960866,4.50039133708926e-07
"374",0.999999547614415,4.52385585423822e-07
"375",0.999999210160826,7.8983917357873e-07
"376",0.999999886764592,1.13235408350276e-07
"377",0.999999972089174,2.79108260480196e-08
"378",0.999999859410188,1.40589811625066e-07
"379",0.999998871037654,1.12896234563387e-06
"380",0.999959171911715,4.08280882848988e-05
"381",0.999957695354454,4.23046455459526e-05
"382",0.999986852898245,1.31471017550256e-05
"383",0.999996930521905,3.06947809456931e-06
"384",0.999993674741115,6.32525888531555e-06
"385",0.999999404960086,5.95039914382269e-07
"386",0.999986543339205,1.34566607954658e-05
"387",0.999985685806337,1.43141936626763e-05
"388",0.99994283085774,5.71691422602331e-05
"389",0.999945333388804,5.46666111964826e-05
"390",0.99999972742468,2.72575319566622e-07
"391",0.999993303387853,6.69661214655942e-06
"392",0.999964545414138,3.54545858623025e-05
"393",0.999990597469001,9.4025309994358e-06
"394",0.999995460455757,4.53954424308193e-06
"395",0.999998256769167,1.74323083339254e-06
"396",0.999835984418606,0.000164015581394267
"397",0.999996846384024,3.15361597574574e-06
"398",0.999999316576111,6.8342388870093e-07
"399",0.999999891611325,1.08388675323434e-07
"400",0.999999924996947,7.50030524505292e-08
"401",0.999995669265308,4.33073469225165e-06
"402",0.999999582215102,4.1778489817106e-07
"403",0.999994659826892,5.34017310845957e-06
"404",0.999806610871917,0.000193389128082685
"405",0.99999959454592,4.054540801559e-07
"406",0.999951005210572,4.89947894282744e-05
"407",0.999998477858421,1.52214157936871e-06
"408",0.999999805488778,1.94511222322679e-07
"409",0.999999944908737,5.50912632535127e-08
"410",0.999936127037178,6.38729628218489e-05
"411",0.999998934884314,1.06511568551903e-06
"412",0.999999992965102,7.03489811836428e-09
"413",0.999999997849543,2.15045682737462e-09
"414",0.999999998887908,1.11209171407918e-09
"415",0.999999998951882,1.04811811999878e-09
"416",0.999999990587712,9.41228779453537e-09
"417",0.999921625394873,7.83746051269905e-05
"418",0.999953338576281,4.66614237193146e-05
"419",0.999980306330909,1.96936690907484e-05
"420",0.99999918244027,8.17559729904736e-07
"421",0.999997684453976,2.31554602377484e-06
"422",0.999999947617503,5.23824970890868e-08
"423",0.999996061319866,3.93868013376438e-06
"424",0.999946062618279,5.39373817213347e-05
"425",0.999999742593756,2.57406243996506e-07
"426",0.999999616152251,3.83847748990492e-07
"427",0.999999798743806,2.01256193933631e-07
"428",0.999927162791463,7.28372085367086e-05
"429",0.999947937868659,5.2062131340884e-05
"430",0.999980717526692,1.92824733075661e-05
"431",0.99999999744801,2.55198979498215e-09
"432",0.999999999987314,1.2686177449416e-11
"433",0.99984077228847,0.000159227711530165
"434",0.999876193616188,0.000123806383811659
"435",0.999954456561723,4.55434382770454e-05
"436",0.999996592720592,3.40727940808451e-06
"437",0.999929974634155,7.0025365845037e-05
"438",0.999936307346735,6.36926532649982e-05
"439",0.999910077821848,8.99221781524212e-05
"440",0.999984647907283,1.53520927167381e-05
"441",0.999987918272812,1.2081727188505e-05
"442",0.9999893448197,1.06551803001748e-05
"443",0.999995216334708,4.78366529162116e-06
"444",0.999922145592138,7.78544078614922e-05
"445",0.999971682013253,2.83179867467251e-05
"446",0.999991209138764,8.79086123580627e-06
"447",0.9999999439492,5.6050800330285e-08
"448",0.99999998717726,1.28227398281321e-08
"449",0.999970420833448,2.95791665523281e-05
"450",0.999958669283253,4.13307167464982e-05
"451",0.999995628370512,4.37162948818856e-06
"452",0.999999744449642,2.5555035748994e-07
"453",0.999999973492315,2.65076847728531e-08
"454",0.999999932046263,6.7953737431719e-08
"455",0.999999974637327,2.53626734082941e-08
"456",0.99999997942641,2.05735904587179e-08
"457",0.999999795480959,2.04519041184049e-07
"458",0.999999996873115,3.12688526461982e-09
"459",0.999729174840274,0.000270825159725596
"460",0.999918897972501,8.11020274994931e-05
"461",0.999991720391129,8.27960887066887e-06
"462",0.999847271720589,0.000152728279411513
"463",0.999808576387288,0.000191423612712142
"464",0.999725825831485,0.000274174168515422
"465",0.999996687915084,3.3120849156745e-06
"466",0.999997162286915,2.83771308484995e-06
"467",0.999998082184763,1.91781523668558e-06
"468",0.999999889909547,1.10090453438122e-07
"469",0.999998084725928,1.9152740724924e-06
"470",0.999999001172802,9.98827197552871e-07
"471",0.999999262389188,7.37610811617021e-07
"472",0.999999981493137,1.85068631225865e-08
"473",0.999809490053711,0.000190509946289227
"474",0.999982435770953,1.75642290472645e-05
"475",0.999909111877105,9.08881228952248e-05
"476",0.999971003158643,2.89968413566714e-05
"477",0.999989839635296,1.01603647038645e-05
"478",0.999970224267164,2.97757328362149e-05
"479",0.999998799127601,1.20087239870182e-06
"480",0.999999881160501,1.18839498878688e-07
"481",0.99999990783308,9.21669196030695e-08
"482",0.999999677954001,3.22045999183853e-07
"483",0.999999841998947,1.58001053148478e-07
"484",0.999999973592383,2.6407617382978e-08
"485",0.99999999986536,1.34639505259039e-10
"486",0.999999998514536,1.48546361425545e-09
"487",0.999999962946419,3.70535808206364e-08
"488",0.999999995482675,4.51732454952525e-09
"489",0.999999996634863,3.36513682861485e-09
"490",0.999999947122362,5.28776379927631e-08
"491",0.999999998054037,1.94596325534232e-09
"492",0.999999978970555,2.10294450746527e-08
"493",0.999999972791762,2.72082384194505e-08
"494",0.999999985393325,1.46066751511882e-08
"495",0.999999999445095,5.54905371339251e-10
"496",0.999999973906753,2.60932474704182e-08
"497",0.999999988516031,1.14839686350122e-08
"498",0.999999999702144,2.97856134294115e-10
"499",0.999999999971333,2.86671783070108e-11
"500",0.999999999970201,2.97991560387136e-11
"501",0.999999999965414,3.45857150537755e-11
"502",0.999999999974929,2.50705804390367e-11
"503",0.999999984364142,1.56358584700069e-08
"504",0.999999990390015,9.6099845747171e-09
"505",0.999999999962128,3.7871989966576e-11
"506",0.999999967468382,3.25316181250217e-08
"507",0.999999999651326,3.48673878296097e-10
"508",0.999999999941084,5.89163397176971e-11
"509",0.99999999997749,2.25101263247699e-11
"510",0.999998962867594,1.03713240632468e-06
"511",0.999999773877311,2.26122688651962e-07
"512",0.999999922290309,7.77096908416043e-08
"513",0.99999958790387,4.12096129888791e-07
"514",0.999999889295065,1.10704934641886e-07
"515",0.999999551337712,4.48662288154769e-07
"516",0.999999997867218,2.13278194183993e-09
"517",0.999999998447868,1.55213164397723e-09
"518",0.999999978600102,2.13998981852243e-08
"519",0.999999965684042,3.43159578032598e-08
"520",0.999999999543531,4.56468793502301e-10
"521",0.999999959648283,4.03517165351217e-08
"522",0.999999981116539,1.88834608942433e-08
"523",0.999999999755503,2.44497297064373e-10
"524",0.999999478080184,5.21919816192476e-07
"525",0.999999978078592,2.19214075372858e-08
"526",0.999999991490838,8.50916204805708e-09
"527",0.99999988520765,1.1479234961432e-07
"528",0.999999992674527,7.32547266059629e-09
"529",0.999999999157681,8.4231951602852e-10
"530",0.999999998794228,1.20577164195161e-09
"531",0.99999999779386,2.20614032674993e-09
"532",0.99999998074425,1.92557504802385e-08
"533",0.999999993521026,6.47897412074298e-09
"534",0.999999999438496,5.61504055205082e-10
"535",0.999999999641163,3.58837438504319e-10
"536",0.9999999998193,1.80699884671435e-10
"537",0.999999999991471,8.52887685455977e-12
"538",0.99992045810271,7.95418972903214e-05
"539",0.999999315180445,6.84819554740239e-07
"540",0.999981556046808,1.84439531920056e-05
"541",0.999999907371267,9.26287329403737e-08
"542",0.999999963914936,3.60850639959951e-08
"543",0.999999960391357,3.96086430685424e-08
"544",0.99999999759939,2.40061020705014e-09
"545",0.999999999951265,4.8734820364045e-11
"546",0.999999949205025,5.07949750077959e-08
"547",0.999999982261722,1.77382779669033e-08
"548",0.999999999717027,2.82973383008477e-10
"549",0.993458480761317,0.00654151923868339
"550",0.999880517497925,0.000119482502075361
"551",0.99998278643384,1.72135661596808e-05
"552",0.999986133533972,1.3866466027976e-05
"553",0.999987742257293,1.22577427070228e-05
"554",0.999998875003195,1.12499680542188e-06
"555",0.999987431062968,1.256893703182e-05
"556",0.999996482014764,3.51798523645661e-06
"557",0.999985280891725,1.47191082753947e-05
"558",0.999984039537469,1.59604625307505e-05
"559",0.999985239305668,1.47606943322561e-05
"560",0.999987536800923,1.2463199077297e-05
"561",0.999997775714333,2.22428566742702e-06
"562",0.999999712904947,2.87095052526176e-07
"563",0.999999972640967,2.73590333943436e-08
"564",0.999969810996394,3.01890036056718e-05
"565",0.999993486047911,6.51395208841555e-06
"566",0.999976736850603,2.32631493967066e-05
"567",0.999998545561182,1.45443881790985e-06
"568",0.999997292085304,2.70791469587799e-06
"569",0.99999712097436,2.87902563954951e-06
"570",0.99999907758968,9.2241031975433e-07
"571",0.999999998922098,1.07790154824262e-09
"572",0.999997862848296,2.13715170438439e-06
"573",0.999998762643415,1.23735658515086e-06
"574",0.999999411838963,5.88161036590878e-07
"575",0.999999314842072,6.85157927585719e-07
"576",0.999979498436623,2.05015633769959e-05
"577",0.99311920957486,0.00688079042514014
"578",0.981929993281781,0.0180700067182194
"579",0.988707043120251,0.0112929568797487
"580",0.988074165823226,0.0119258341767743
"581",0.921732540722524,0.0782674592774757
"582",0.923956516678007,0.0760434833219932
"583",0.924856053107302,0.075143946892698
"584",0.955892445175125,0.0441075548248752
"585",0.984168720500035,0.0158312794999652
"586",0.999914484528812,8.55154711880508e-05
"587",0.887139012844734,0.112860987155266
"588",0.668171285800385,0.331828714199615
"589",0.673480834873778,0.326519165126222
"590",0.436263437403138,0.563736562596862
"591",0.925072453919525,0.0749275460804754
"592",0.898932156811503,0.101067843188497
"593",0.541972525970121,0.458027474029879
"594",0.0014810800700494,0.998518919929951
"595",5.37065663092016e-06,0.999994629343369
"596",3.74047904867628e-07,0.999999625952095
"597",0.578951779703566,0.421048220296434
"598",0.599476174699124,0.400523825300876
"599",0.931164193281507,0.0688358067184925
"600",0.930931211250297,0.0690687887497035
"601",0.930180482665332,0.0698195173346682
"602",0.999487280459402,0.000512719540597664
"603",0.999949485442696,5.05145573042172e-05
"604",0.999870589262873,0.000129410737126626
"605",0.999687313131205,0.000312686868794647
"606",0.999980298609238,1.97013907623984e-05
"607",0.999979713047413,2.02869525872676e-05
"608",0.999939406841511,6.05931584893654e-05
"609",0.999240319637934,0.000759680362065754
"610",0.999691908099435,0.000308091900565458
"611",0.999719760021151,0.000280239978849333
"612",0.999060737975016,0.000939262024984455
"613",0.999322791009984,0.000677208990015613
"614",0.999038752681278,0.000961247318722547
"615",0.999701563589864,0.000298436410136181
"616",0.999985100283202,1.48997167978303e-05
"617",0.999998695125008,1.30487499233802e-06
"618",0.999209403201504,0.000790596798496129
"619",0.00148541978479479,0.998514580215205
"620",1.05298968102638e-05,0.99998947010319
"621",2.40645565194541e-05,0.999975935443481
"622",1.1507895601686e-06,0.99999884921044
"623",5.30922034405458e-06,0.999994690779656
"624",1.53001695814138e-06,0.999998469983042
"625",1.75633984092471e-06,0.999998243660159
"626",1.28557773736417e-06,0.999998714422263
"627",4.37668595028044e-07,0.999999562331405
"628",4.09650966333158e-07,0.999999590349034
"629",4.1429370289303e-07,0.999999585706297
"630",2.21104641474488e-07,0.999999778895359
"631",8.21571880055525e-06,0.999991784281199
"632",1.85054004798983e-06,0.999998149459952
"633",2.80647209194395e-10,0.999999999719353
"634",2.37875965236635e-05,0.999976212403476
"635",5.02724028531569e-06,0.999994972759715
"636",3.26122348680312e-07,0.999999673877651
"637",3.30060402723472e-08,0.99999996699396
"638",4.13134359025571e-09,0.999999995868656
"639",1.02013004182709e-07,0.999999897986996
"640",0.996445543728506,0.00355445627149435
"641",0.99951241715384,0.000487582846159686
"642",0.999949480738116,5.05192618837414e-05
"643",0.999910145459298,8.98545407017378e-05
"644",0.999951320091771,4.86799082291551e-05
"645",0.999957193895194,4.28061048059217e-05
"646",0.999985488859914,1.45111400864426e-05
"647",0.999767032710951,0.000232967289049244
"648",0.999942011218824,5.79887811760467e-05
"649",0.999898334360627,0.000101665639372692
"650",0.999917653340317,8.23466596827878e-05
"651",0.999962182283359,3.78177166414863e-05
"652",0.999970761886241,2.92381137586159e-05
"653",0.999992379948978,7.6200510223833e-06
"654",0.999934660536582,6.53394634175876e-05
"655",0.999999887801924,1.12198075953897e-07
"656",0.999965567825552,3.44321744477698e-05
"657",0.999916280683436,8.3719316563785e-05
"658",0.999943624471866,5.63755281342709e-05
"659",0.999956860064704,4.31399352962953e-05
"660",0.999928755813212,7.12441867882928e-05
"661",0.999916112388301,8.38876116987961e-05
"662",0.999902869539455,9.71304605446201e-05
"663",0.99990556379268,9.44362073197455e-05
"664",0.999921803234993,7.81967650067269e-05
"665",0.999956957877326,4.30421226738178e-05
"666",0.99934906628371,0.000650933716290178
"667",0.999661568415169,0.000338431584830984
"668",0.999715083672663,0.000284916327336891
"669",0.999945008268131,5.49917318693339e-05
"670",0.999991677338959,8.32266104051076e-06
"671",0.995626788663079,0.00437321133692111
"672",0.184279661220334,0.815720338779666
"673",0.176445848774105,0.823554151225895
"674",0.124345732892738,0.875654267107262
"675",0.135808470576415,0.864191529423585
"676",0.802524464307988,0.197475535692012
"677",0.955694736515576,0.0443052634844237
"678",0.99771542339768,0.00228457660232038
"679",0.999623913321513,0.000376086678487446
"680",0.99972720507381,0.000272794926189623
"681",0.999519001172423,0.000480998827577042
"682",0.999970273598929,2.97264010712477e-05
"683",0.999006314323355,0.000993685676644889
"684",0.998289073014531,0.00171092698546905
"685",0.999998679595243,1.32040475749681e-06
"686",0.999999982904276,1.70957238931433e-08
"687",0.000657180795789531,0.999342819204211
"688",4.62111269908574e-05,0.999953788873009
"689",5.20344568294228e-08,0.999999947965543
"690",0.902193517049433,0.0978064829505673
"691",0.000555222197555153,0.999444777802445
"692",1.94088061757751e-05,0.999980591193824
"693",2.83380919795755e-05,0.99997166190802
"694",2.04874313038846e-05,0.999979512568696
"695",3.07091397805059e-06,0.999996929086022
"696",5.59239859137413e-07,0.999999440760141
"697",2.34480585984996e-06,0.99999765519414
"698",0.000176262414933364,0.999823737585067
"699",1.69862212189462e-09,0.999999998301378
"700",0.0275400011954632,0.972459998804537
"701",0.972594913994559,0.0274050860054415
"702",0.981679253966717,0.0183207460332835
"703",0.997660184925986,0.00233981507401389
"704",0.998247569579455,0.00175243042054453
"705",0.991943555654855,0.00805644434514525
"706",2.26715850921547e-06,0.999997732841491
"707",3.74173758037116e-07,0.999999625826242
"708",8.62545722986379e-06,0.99999137454277
"709",6.38741127657065e-06,0.999993612588723
"710",0.00043814589718994,0.99956185410281
"711",6.4373492385421e-07,0.999999356265076
"712",1.41868211093963e-08,0.999999985813179
"713",9.76981017842584e-06,0.999990230189822
"714",2.22807297465002e-06,0.999997771927025
"715",1.51566279624794e-06,0.999998484337204
"716",1.16336065481203e-06,0.999998836639345
"717",1.55792966579164e-06,0.999998442070334
"718",0.999938173545631,6.18264543686402e-05
"719",0.999961396766333,3.86032336669692e-05
"720",0.999980955229055,1.90447709452009e-05
"721",0.999995353007238,4.64699276180034e-06
"722",0.999991033134789,8.96686521083893e-06
"723",0.999980017885488,1.99821145118921e-05
"724",0.999987212018868,1.27879811322916e-05
"725",0.999930684487293,6.93155127073576e-05
"726",0.999959652359697,4.03476403031114e-05
"727",0.999992505120714,7.49487928580424e-06
"728",0.999972248044346,2.77519556536664e-05
"729",0.999973176712305,2.68232876953551e-05
"730",0.999917173295138,8.28267048617302e-05
"731",0.999939731296326,6.02687036743717e-05
"732",0.999975595301342,2.44046986580957e-05
"733",0.999970588456416,2.94115435838919e-05
"734",0.999966235706744,3.37642932556946e-05
"735",0.999908928192195,9.10718078047205e-05
"736",0.999961305435678,3.8694564321738e-05
"737",0.999994352116471,5.6478835286235e-06
"738",0.999907169885306,9.28301146937514e-05
"739",0.99994600657838,5.39934216202543e-05
"740",0.999974088426475,2.5911573525353e-05
"741",0.999953632040185,4.63679598152164e-05
"742",0.999993971477716,6.02852228432218e-06
"743",0.99999304566171,6.95433829029431e-06
"744",0.999980526309621,1.94736903794e-05
"745",0.999962805872951,3.71941270486746e-05
"746",0.999928194646963,7.18053530373848e-05
"747",0.999998829403647,1.17059635283064e-06
"748",0.999999634865024,3.6513497644127e-07
"749",0.99992920170035,7.07982996495003e-05
"750",0.999958018789651,4.19812103486633e-05
"751",0.999998346472748,1.65352725164809e-06
"752",0.999804114391153,0.000195885608847198
"753",0.999912248838414,8.77511615860803e-05
"754",0.999929381493493,7.06185065068632e-05
"755",0.999675793013802,0.000324206986198142
"756",0.999999860612551,1.39387448828692e-07
"757",0.999685091179449,0.000314908820551496
"758",0.999878365440318,0.00012163455968163
"759",0.999956376167503,4.36238324967698e-05
"760",0.999792024828271,0.000207975171728779
"761",0.999632303539532,0.000367696460468457
"762",0.999965505563074,3.44944369263156e-05
"763",0.999984913947729,1.50860522709548e-05
"764",0.999984510719004,1.54892809959937e-05
"765",0.9999884314241,1.15685758999931e-05
"766",0.999995786010269,4.21398973118889e-06
"767",0.999965594930104,3.44050698956321e-05
"768",0.999907803010659,9.21969893406324e-05
"769",0.9999586078689,4.13921310995642e-05
"770",0.999969448969446,3.05510305536644e-05
"771",0.999997280083474,2.71991652563863e-06
"772",0.999970620972134,2.93790278663564e-05
"773",0.999993224905845,6.77509415517069e-06
"774",0.999998593051857,1.4069481428108e-06
"775",0.99998596421082,1.40357891797834e-05
"776",0.999989929040478,1.00709595220137e-05
"777",0.999950711956187,4.92880438132284e-05
"778",0.999990734309755,9.26569024454533e-06
"779",0.999986583664619,1.34163353812175e-05
"780",0.999986577320311,1.34226796892029e-05
"781",0.99999881887734,1.18112266013383e-06
"782",0.999891020069709,0.000108979930290945
"783",0.999939648525267,6.03514747325743e-05
"784",0.999942081194924,5.79188050762343e-05
"785",0.999892834561248,0.000107165438752074
"786",0.99998606905733,1.39309426697671e-05
"787",0.999999112354673,8.87645327004155e-07
"788",0.999999088241031,9.11758969143754e-07
"789",0.999997193899996,2.80610000436853e-06
"790",0.999998267719395,1.73228060490509e-06
"791",0.999998756762613,1.24323738701978e-06
"792",0.99999851792137,1.48207863051154e-06
"793",0.999997723356618,2.27664338225703e-06
"794",0.999999763441892,2.36558108222961e-07
"795",0.999995119875043,4.88012495660946e-06
"796",0.99999737608952,2.62391048039226e-06
"797",0.999944990404942,5.50095950584647e-05
"798",0.999993109736139,6.8902638612425e-06
"799",0.999480272942024,0.000519727057976111
"800",0.999477119237214,0.000522880762785712
"801",0.999989966632935,1.00333670646725e-05
"802",0.999855787680085,0.000144212319914962
"803",0.999618422337318,0.000381577662681723
"804",0.999296916098975,0.000703083901024871
"805",0.999559716571034,0.000440283428966246
"806",0.999897858148762,0.000102141851237932
"807",0.999995343095825,4.65690417533663e-06
"808",0.999824532533455,0.000175467466545198
"809",0.999329156927152,0.000670843072848234
"810",0.999927639104838,7.23608951622359e-05
"811",0.999471906380743,0.000528093619256723
"812",0.999683010020324,0.000316989979676474
"813",0.999992864950506,7.13504949410152e-06
"814",0.999959704314713,4.02956852868024e-05
"815",0.999989630072758,1.03699272416155e-05
"816",0.999997904807869,2.0951921305191e-06
"817",0.999989316901969,1.06830980312892e-05
"818",0.999987411659854,1.25883401457207e-05
"819",0.999858463256818,0.000141536743181969
"820",0.99973489835695,0.000265101643050085
"821",0.999776955825576,0.000223044174424135
"822",0.999998870860533,1.12913946699073e-06
"823",0.99999950377903,4.96220970154748e-07
"824",0.999998179681027,1.82031897326035e-06
"825",0.999983183111112,1.68168888878691e-05
"826",0.999979943474602,2.00565253982213e-05
"827",0.99980802519001,0.00019197480998998
"828",0.999986144629122,1.38553708776811e-05
"829",0.999993445669899,6.55433010111666e-06
"830",0.999986813642721,1.31863572791277e-05
"831",0.999995697937658,4.30206234180302e-06
"832",0.999996679799321,3.32020067886837e-06
"833",0.999996505567137,3.49443286305363e-06
"834",0.999982046935308,1.79530646915268e-05
"835",0.999999850426145,1.49573854726081e-07
"836",0.999968589662318,3.14103376820864e-05
"837",0.99995863143336,4.13685666404706e-05
"838",0.999956621634213,4.33783657870837e-05
"839",0.999929246400956,7.07535990440986e-05
"840",0.999840385236694,0.000159614763306224
"841",0.999646669136241,0.000353330863759272
"842",0.999931867290954,6.81327090465792e-05
"843",0.999941244910468,5.87550895317232e-05
"844",0.999983889429937,1.61105700633664e-05
"845",0.999976008909686,2.39910903138819e-05
"846",0.999944724817102,5.52751828975877e-05
"847",0.999997397205303,2.60279469694556e-06
"848",0.999970016103497,2.99838965032274e-05
"849",0.999974994296797,2.50057032031633e-05
"850",0.999964271484532,3.57285154676792e-05
"851",0.999982259060977,1.77409390231807e-05
"852",0.999976755129625,2.32448703751593e-05
"853",0.99998539661509,1.46033849098719e-05
"854",0.999868850991701,0.000131149008298505
"855",0.999958569551415,4.14304485852564e-05
"856",0.999897926305555,0.000102073694444898
"857",0.999726634249476,0.000273365750523851
"858",0.999554716585389,0.000445283414610907
"859",0.999967739725981,3.22602740193534e-05
"860",0.999917437733033,8.25622669667921e-05
"861",0.999939002281753,6.09977182467663e-05
"862",0.999965571415942,3.44285840579182e-05
"863",0.999985212146377,1.47878536230454e-05
"864",0.999989435062834,1.05649371663829e-05
"865",0.999999679648272,3.20351728440763e-07
"866",0.9999638550346,3.61449653995976e-05
"867",0.999996082714645,3.91728535469066e-06
"868",0.999998071841427,1.92815857325497e-06
"869",0.99995947071631,4.05292836901605e-05
"870",0.99999940981911,5.90180889778398e-07
"871",0.999935242721031,6.47572789685772e-05
"872",0.999992618672611,7.38132738918427e-06
"873",0.99999653843046,3.4615695402308e-06
"874",0.999785838727233,0.000214161272766843
"875",0.999845245061808,0.000154754938191749
"876",0.999984649600817,1.53503991831204e-05
"877",0.99966797953436,0.000332020465640288
"878",0.999813602425786,0.000186397574214021
"879",0.999908588240108,9.14117598917971e-05
"880",0.984503611419569,0.015496388580431
"881",0.914655243936881,0.0853447560631191
"882",0.181943081858051,0.818056918141949
"883",0.159309282938947,0.840690717061053
"884",0.383252920103042,0.616747079896958
"885",0.826305960119805,0.173694039880195
"886",0.983618877530201,0.0163811224697993
"887",0.990499042087256,0.00950095791274404
"888",0.423487616487724,0.576512383512276
"889",0.427385362460115,0.572614637539885
"890",0.408641846774243,0.591358153225757
"891",0.101292619790644,0.898707380209356
"892",0.0221282902905951,0.977871709709405
"893",0.0228228174911588,0.977177182508841
"894",0.00046800392552442,0.999531996074476
"895",2.91094279693515e-06,0.999997089057203
"896",0.939752590289185,0.0602474097108154
"897",0.125553112337088,0.874446887662912
"898",0.166102717739312,0.833897282260688
"899",0.000308760868996576,0.999691239131003
"900",2.42218101564445e-06,0.999997577818984
"901",4.39067666185936e-07,0.999999560932334
"902",2.88832911783502e-08,0.999999971116709
"903",0.986336445013548,0.013663554986452
"904",0.976613959709177,0.0233860402908229
"905",0.9694866586412,0.0305133413588003
"906",0.932631694032458,0.0673683059675418
"907",0.995347885322816,0.00465211467718365
"908",0.998750230533897,0.00124976946610251
"909",0.994418197603564,0.00558180239643578
"910",0.998464069711368,0.00153593028863244
"911",0.999446896198562,0.000553103801437767
"912",0.999928290193357,7.17098066429587e-05
"913",0.999923395384466,7.66046155344751e-05
"914",0.999826279600512,0.000173720399488215
"915",0.999714581600966,0.000285418399034237
"916",0.981323694342676,0.0186763056573237
"917",0.993601835480756,0.00639816451924421
"918",0.999719924215139,0.000280075784860698
"919",0.997497889109802,0.00250211089019852
"920",0.998852306526183,0.00114769347381662
"921",0.999604151065605,0.00039584893439451
"922",0.999955409560844,4.45904391554685e-05
"923",0.999992884067322,7.11593267783715e-06
"924",0.999995845481668,4.15451833162628e-06
"925",0.999990076331249,9.92366875074196e-06
"926",0.999998170346813,1.82965318710844e-06
"927",0.999996503846796,3.4961532039822e-06
"928",0.99999904039771,9.59602289746445e-07
"929",0.999999964290011,3.57099890095749e-08
"930",0.999999979342167,2.0657833354009e-08
"931",0.999995663378341,4.3366216589378e-06
"932",0.99999607275003,3.92724996990875e-06
"933",0.999999977787963,2.22120367218217e-08
"934",0.99999980092854,1.99071460319387e-07
"935",0.999998388144955,1.61185504523866e-06
"936",0.999998010979033,1.98902096736052e-06
"937",0.999997874854834,2.12514516546027e-06
"938",0.999995968570316,4.03142968418453e-06
"939",0.999999998324665,1.67533479670106e-09
"940",0.999993636482562,6.36351743850857e-06
"941",0.999998782526062,1.21747393792398e-06
"942",0.999994715352968,5.28464703176225e-06
"943",0.999919511509632,8.04884903681929e-05
"944",0.99996890497392,3.10950260803434e-05
"945",0.999999999148407,8.51592721038079e-10
"946",0.99999823988061,1.76011938963585e-06
"947",0.999992882079037,7.11792096290879e-06
"948",0.99999757045762,2.42954237969196e-06
"949",0.999991731192101,8.26880789916196e-06
"950",0.999992077235405,7.92276459518322e-06
"951",0.999999985280789,1.47192105322611e-08
"952",0.999994748662095,5.25133790474036e-06
"953",0.999974634469884,2.53655301156571e-05
"954",0.999998416980492,1.58301950764639e-06
"955",0.999998402399326,1.59760067432283e-06
"956",0.999990890691844,9.10930815601842e-06
"957",0.999991864168513,8.13583148720342e-06
"958",0.999999917373246,8.26267537606465e-08
"959",0.999976175903019,2.38240969807901e-05
"960",0.999974159958446,2.58400415539294e-05
"961",0.999993991760777,6.00823922261492e-06
"962",0.999990799167018,9.2008329822319e-06
"963",0.999999405615366,5.94384634393354e-07
"964",0.999999975590074,2.44099260200479e-08
"965",0.99999954153667,4.58463329730745e-07
"966",0.999999901278808,9.87211917757992e-08
"967",0.999999697970493,3.02029507385394e-07
"968",0.999999877404317,1.22595683423447e-07
"969",0.999999378914519,6.21085481253271e-07
"970",0.999998784955148,1.21504485224981e-06
"971",0.999999813452845,1.86547154546788e-07
"972",0.999999552810462,4.47189537849515e-07
"973",0.999998400653435,1.59934656472416e-06
"974",0.999997699565187,2.30043481266055e-06
"975",0.999997672035584,2.32796441604769e-06
"976",0.999998606374814,1.39362518560234e-06
"977",0.999999629155817,3.70844182833751e-07
"978",0.999998674206057,1.32579394250769e-06
"979",0.999988941358027,1.10586419730934e-05
"980",0.999997940636212,2.05936378837225e-06
"981",0.999999263816072,7.36183928001976e-07
"982",0.999999589002188,4.1099781208483e-07
"983",0.999998522683711,1.47731628848011e-06
"984",0.999999096134598,9.03865401526438e-07
"985",0.999999414256746,5.85743254203062e-07
"986",0.999998812382512,1.18761748824853e-06
"987",0.9999952495822,4.75041780037694e-06
"988",0.999969582295496,3.04177045042127e-05
"989",0.999991104374242,8.89562575787249e-06
"990",0.999994251040751,5.74895924883247e-06
"991",0.999995093764019,4.9062359811118e-06
"992",0.999990732330441,9.26766955888804e-06
"993",0.999997474085622,2.52591437819158e-06
"994",0.999999980808704,1.91912958676469e-08
"995",0.999999995164066,4.83593376226512e-09
"996",0.999966441732212,3.35582677875668e-05
"997",0.999952432540186,4.75674598136568e-05
"998",0.999286624605112,0.000713375394887832
"999",0.997235817802819,0.00276418219718057
"1000",0.987275357555612,0.0127246424443882
"1001",0.864110585092826,0.135889414907174
"1002",0.295783997209821,0.704216002790179
"1003",0.291756204280925,0.708243795719075
"1004",0.999934366750588,6.56332494120256e-05
"1005",0.999928538814781,7.1461185218601e-05
"1006",0.999372736648825,0.0006272633511754
"1007",0.997034675114177,0.00296532488582302
"1008",0.602697042401917,0.397302957598082
"1009",0.999912252706208,8.77472937920598e-05
"1010",0.999782169006859,0.000217830993140584
"1011",0.999800445802709,0.000199554197291087
"1012",0.999847578287603,0.000152421712397176
"1013",0.999988547431493,1.14525685066925e-05
"1014",0.999941019195116,5.89808048842951e-05
"1015",0.999991920438333,8.07956166737928e-06
"1016",0.999837326065596,0.000162673934403563
"1017",0.999926922951787,7.30770482130928e-05
"1018",0.999978493911935,2.15060880649983e-05
"1019",0.999990713834011,9.28616598940484e-06
"1020",0.999997905077971,2.09492202869879e-06
"1021",0.99999823062738,1.7693726202796e-06
"1022",0.999993418588319,6.58141168108762e-06
"1023",0.999997611957314,2.38804268612075e-06
"1024",0.999996372738032,3.62726196831672e-06
"1025",0.999896636117059,0.000103363882941295
"1026",0.999962431587643,3.75684123571676e-05
"1027",0.99998479999911,1.52000008897255e-05
"1028",0.999999021167387,9.78832613193531e-07
"1029",0.999998923730216,1.07626978438292e-06
"1030",0.999997215286644,2.78471335584278e-06
"1031",0.999999634031697,3.65968302651191e-07
"1032",0.999999995444464,4.55553576424308e-09
"1033",0.999999999805667,1.94333353878884e-10
"1034",0.999999999666784,3.33216114015109e-10
"1035",0.999997195219383,2.8047806165535e-06
"1036",0.999998562354517,1.4376454826923e-06
"1037",0.999999622573495,3.77426504759562e-07
"1038",0.999994552050506,5.4479494940568e-06
"1039",0.999996044216383,3.95578361738056e-06
"1040",0.999983821840573,1.61781594271186e-05
"1041",0.999893088318475,0.000106911681525247
"1042",0.999989193614386,1.08063856141214e-05
"1043",0.999999769122925,2.30877074633345e-07
"1044",0.999999939313424,6.06865756213081e-08
"1045",0.999998570297451,1.42970254915427e-06
"1046",0.999999616958753,3.83041247157736e-07
"1047",0.99999902371836,9.76281639545773e-07
"1048",0.999997717116891,2.28288310913031e-06
"1049",0.99999866552792,1.33447208038844e-06
"1050",0.999992270230835,7.72976916538998e-06
"1051",0.999989112596726,1.08874032739477e-05
"1052",0.999995058944574,4.94105542626791e-06
"1053",0.999998424014315,1.57598568454893e-06
"1054",0.999999278546125,7.21453875170151e-07
"1055",0.999993327962238,6.67203776183842e-06
"1056",0.999998289082987,1.71091701313657e-06
"1057",0.999998074786553,1.92521344730977e-06
"1058",0.999999820719983,1.79280017385076e-07
"1059",0.999999732894603,2.67105397105388e-07
"1060",0.999999975680818,2.43191822980011e-08
"1061",0.999999943045942,5.69540581949407e-08
"1062",0.999999440716307,5.59283692634129e-07
"1063",0.999999635721767,3.64278233232021e-07
"1064",0.999998581619678,1.41838032208243e-06
"1065",0.999942436540821,5.75634591792323e-05
"1066",0.999917939699559,8.20603004407518e-05
"1067",0.999999870325159,1.29674840748302e-07
"1068",0.999999551955303,4.4804469663188e-07
"1069",0.999999986338846,1.36611535169756e-08
"1070",0.999999993135275,6.86472500327928e-09
"1071",0.999982162846908,1.78371530920193e-05
"1072",0.999999833604904,1.66395096201588e-07
"1073",0.999999986305854,1.36941461428166e-08
"1074",0.999990834769581,9.16523041957245e-06
"1075",0.999945567732172,5.44322678282482e-05
"1076",0.99998905967537,1.09403246298477e-05
"1077",0.999994411847049,5.58815295136376e-06
"1078",0.999971075676996,2.89243230040521e-05
"1079",0.999957408296378,4.25917036221581e-05
"1080",0.999964836229138,3.51637708624293e-05
"1081",0.9999791324781,2.08675219003239e-05
"1082",0.999936053717709,6.39462822906671e-05
"1083",0.999915153458905,8.48465410950019e-05
"1084",0.99994609665851,5.39033414896149e-05
"1085",0.999980084292944,1.99157070564272e-05
"1086",0.999994135554393,5.86444560673925e-06
"1087",0.999996372102597,3.62789740292524e-06
"1088",0.99999867074618,1.32925382028503e-06
"1089",0.999999996164363,3.83563734092129e-09
"1090",0.999999702510644,2.97489355629053e-07
"1091",0.999999521073772,4.78926227953666e-07
"1092",0.999994816851957,5.18314804280735e-06
"1093",0.999994192861138,5.8071388623691e-06
"1094",0.999999567040377,4.32959622892499e-07
"1095",0.999995682883245,4.31711675449814e-06
"1096",0.999999896249426,1.03750574013214e-07
"1097",0.999996964132458,3.03586754240116e-06
"1098",0.999999915084501,8.4915499366618e-08
"1099",0.999999854719222,1.45280778082096e-07
"1100",0.999999985105493,1.48945073523165e-08
"1101",0.999999808681254,1.91318745475039e-07
